id,book_name,character,prediction,verdict,confidence,rationale
1,In Search of the Castaways,Jacques Paganel,1,supported,0.95,Evidence supports the claim that Jacques Paganel was interested in geography and had a passion for maps. He also studied Spanish to facilitate his search on the shores of Chili.
2,In Search of the Castaways,Jacques Paganel,1,supported,1.0,Evidence supports the claim that Paganel learned Spanish and taught it to others on the ship.
3,In Search of the Castaways,Jacques Paganel,1,supported,1.0,Evidence supports the claim that Paganel wrote New Zealand instead of Australia due to an unnatural aberration.
4,In Search of the Castaways,Jacques Paganel,1,supported,1.0,Evidence supports the claim that Paganel was mistaken about Captain Grant's location.
5,In Search of the Castaways,Jacques Paganel,1,supported,1.0,Evidence from the book 'In search of the castaways' supports the claim that Paganel was mistaken about the location of Captain Grant's shipwreck.
6,In Search of the Castaways,Jacques Paganel,1,supported,0.95,Evidence 1 and Evidence 2 both support the claim that Paganel was interested in learning Spanish to facilitate his search on the shores of Chili. Evidence 3 does not contradict this claim.
7,In Search of the Castaways,Jacques Paganel,1,supported,1.0,Evidence supports the claim that Paganel was a prisoner among the Maoris.
8,In Search of the Castaways,Jacques Paganel,1,supported,1.0,Evidence supports the claim that Paganel was a prisoner of the Maori tribe and learned tracking techniques and herbal lore.
9,In Search of the Castaways,Jacques Paganel,1,supported,1.0,Evidence supports the claim that Paganel made a mistake in Spanish and was praised for it.
10,In Search of the Castaways,Jacques Paganel,1,supported,1.0,Evidence supports the claim that Paganel was mistaken about Captain Grant's location.
11,In Search of the Castaways,Jacques Paganel,1,supported,0.95,Evidence 2 describes a situation where Paganel was captured by Maoris and treated as a prisoner. This contradicts the claim that he saw first mate Ayrton secretly meet slave-traders.
12,In Search of the Castaways,Jacques Paganel,1,supported,0.95,Evidence supports the claim that Paganel was interested in seeing Miss Mary happy and consoled.
13,In Search of the Castaways,Jacques Paganel,1,supported,0.95,Evidence supports the claim that Glenarvan's deference to Lady Glenarvan echoed his tangled feelings towards his mother and he tried to atone for failing to protect her.
14,In Search of the Castaways,Jacques Paganel,1,supported,0.95,Evidence confirms the claim that Paganel and MacNabb had a romantic relationship.
15,In Search of the Castaways,Jacques Paganel,1,supported,0.97,Evidence supports the claim that Paganel was a prisoner of the Maori tribe and escaped by biting his ropes.
16,In Search of the Castaways,Jacques Paganel,1,supported,0.95,Evidence supports the claim that Paganel was interested in visiting India and had a mission to discover the course of the Yaroo-tsang-bo-tsoo river.
17,In Search of the Castaways,Jacques Paganel,1,supported,0.95,"Evidence supports the claim that Paganel was fluent in English and French, and later learned Spanish from an English tutor."
18,In Search of the Castaways,Jacques Paganel,1,supported,0.95,Evidence from three different sources supports the claim.
19,In Search of the Castaways,Jacques Paganel,1,supported,0.8,Evidence supports the claim that Paganel learned basic seamanship and celestial navigation on a Mediterranean merchant fleet.
20,In Search of the Castaways,Jacques Paganel,1,supported,1.0,Evidence supports the claim that a journey of not more than twenty miles can terrify someone in New Zealand.
21,In Search of the Castaways,Jacques Paganel,1,supported,0.95,Evidence corroborates the information previously given by Paganel and Ayrton.
22,In Search of the Castaways,Jacques Paganel,1,supported,1.0,Evidence from the book 'In search of the castaways' supports the claim that Paganel was interested in geography and learned Spanish to facilitate his search on the shores of Chili.
23,In Search of the Castaways,Jacques Paganel,1,supported,1.0,Evidence confirms the claim that Paganel was free to leave his daughter in France.
24,In Search of the Castaways,Jacques Paganel,1,supported,1.0,Evidence supports the claim that Paganel was interested in seeing Miss Mary happy and consoled.
25,In Search of the Castaways,Jacques Paganel,1,supported,1.0,Evidence confirms the claim.
26,In Search of the Castaways,Tom Ayrton/Ben Joyce,1,supported,1.0,Evidence from the book 'In search of the castaways' supports the claim text.
27,In Search of the Castaways,Tom Ayrton/Ben Joyce,1,supported,1.0,Evidence from the book 'In search of the castaways' supports the claim text.
28,In Search of the Castaways,Tom Ayrton/Ben Joyce,1,supported,1.0,Evidence supports the claim that Ayrton was on board the Duncan and participated in the trial of Ben Joyce.
29,In Search of the Castaways,Tom Ayrton/Ben Joyce,1,supported,1.0,Evidence from the book 'In search of the castaways' supports the claim that Ayrton was present at the time of Glenarvan's death.
30,In Search of the Castaways,Tom Ayrton/Ben Joyce,1,supported,1.0,Evidence supports the claim that the character in the text joined a pirate crew and became second mate.
31,In Search of the Castaways,Tom Ayrton/Ben Joyce,1,supported,0.95,Evidence from the book 'In search of the castaways' supports the claim text.
32,In Search of the Castaways,Tom Ayrton/Ben Joyce,1,supported,1.0,Evidence from three passages in the book 'In search of the castaways' supports the claim text.
33,In Search of the Castaways,Tom Ayrton/Ben Joyce,1,supported,1.0,Evidence corroborates the information previously given by Paganel and Ayrton.
34,In Search of the Castaways,Tom Ayrton/Ben Joyce,1,supported,1.0,Evidence corroborates the claim text.
35,In Search of the Castaways,Tom Ayrton/Ben Joyce,1,supported,1.0,Evidence supports the claim that Ayrton was present at the trial of Captain Grant.
36,In Search of the Castaways,Tom Ayrton/Ben Joyce,1,supported,1.0,Evidence from three passages in the book 'In search of the castaways' supports the claim that Ayrton was a convict who escaped from the shipwreck and joined his band.
37,In Search of the Castaways,Tom Ayrton/Ben Joyce,1,supported,1.0,Evidence from three passages in the book 'In search of the castaways' supports the claim text.
38,In Search of the Castaways,Tom Ayrton/Ben Joyce,1,supported,1.0,Evidence from the book 'In search of the castaways' supports the claim that Ayrton was obstinate and refused to be questioned by Glenarvan.
39,In Search of the Castaways,Tom Ayrton/Ben Joyce,1,supported,1.0,Evidence confirms the claim that Ben Joyce escaped after being shot by Ayrton.
40,In Search of the Castaways,Tom Ayrton/Ben Joyce,1,supported,1.0,Evidence from three passages in the book 'In search of the castaways' supports the claim that Ayrton is a skilled shipboard medic who secretly stitched soldiers' wounds and had a mental log.
41,In Search of the Castaways,Tom Ayrton/Ben Joyce,1,supported,0.95,"Evidence 1 and Evidence 2 both mention the name 'Ayrton', which is not mentioned in the claim text. However, Evidence 3 mentions the name 'Ben Joyce', which matches the claim text."
42,In Search of the Castaways,Tom Ayrton/Ben Joyce,1,supported,1.0,Evidence corroborates the information previously given by Paganel and Ayrton.
43,In Search of the Castaways,Tom Ayrton/Ben Joyce,1,supported,1.0,Evidence supports the claim that Ayrton was present at the tribunal and displayed obstinacy.
44,In Search of the Castaways,Tom Ayrton/Ben Joyce,1,supported,1.0,Evidence supports the claim that Ayrton was present at the trial and did not show any remorse or self-loathing.
45,In Search of the Castaways,Tom Ayrton/Ben Joyce,1,supported,1.0,Evidence confirms the claim.
46,In Search of the Castaways,Thalcave,1,supported,1.0,Evidence supports the claim that Thalcave was a guide of the Pampas.
47,In Search of the Castaways,Thalcave,1,supported,1.0,Evidence supports the claim that a horse named Thaouka was used by the Patagonian guide Thalcave to escape from wolves.
48,In Search of the Castaways,Thalcave,1,supported,1.0,Evidence supports the claim that a gaucho worked on a ranch and learned Spanish and the settlers' rules while also guarding his tribe's herb lore and nature beliefs.
49,In Search of the Castaways,Thalcave,1,supported,1.0,Evidence supports the claim that the travelers encountered flamingos in Patagonia.
50,In Search of the Castaways,Thalcave,1,supported,1.0,Evidence supports the claim that a guide's duty is to keep life moving.
51,In Search of the Castaways,Thalcave,1,supported,0.98,Evidence supports the claim that Thalcave rode a horse named Thaouka.
52,In Search of the Castaways,Thalcave,1,supported,1.0,Evidence confirms the claim that Thaouka was a beautiful and courageous horse.
53,In Search of the Castaways,Thalcave,1,supported,1.0,Evidence supports the claim that Thaouka is a beautiful and courageous horse.
54,In Search of the Castaways,Thalcave,1,supported,1.0,Evidence from the book 'In search of the castaways' supports the claim text.
55,In Search of the Castaways,Thalcave,1,supported,1.0,Evidence supports the claim that Captain Grant was a prisoner of one of these tribes and was carried to the north or south.
56,In Search of the Castaways,Thalcave,1,supported,1.0,Evidence supports the claim that Captain Grant was a prisoner of one of the tribes and had been carried to the north or south.
57,In Search of the Castaways,Thalcave,1,supported,1.0,Evidence from the book 'In search of the castaways' supports the claim text.
58,In Search of the Castaways,Thalcave,1,supported,1.0,"Evidence supports the claim that Paganel taught Quechua, Spanish and French, showed European maps, the stars and the arithmetic of navigation."
59,In Search of the Castaways,Thalcave,1,supported,1.0,Evidence supports the claim that Thalcave was a skilled horseman and had a beautiful horse named Thaouka.
60,In Search of the Castaways,Thalcave,1,supported,1.0,Evidence supports the claim that Thalcave led a night dig to save eight survivors from an avalanche.
61,In Search of the Castaways,Thalcave,1,supported,0.95,Evidence supports the claim that Robert was brave and helped others in distress.
62,In Search of the Castaways,Thalcave,1,supported,1.0,Evidence supports the claim that Robert was saved by Thaouka.
63,In Search of the Castaways,Thalcave,1,supported,1.0,Evidence corroborates the claim that John Mangles learned nautical English to converse with Captain Horace and the sailors.
64,In Search of the Castaways,Thalcave,1,supported,1.0,Evidence supports the claim that Thalcave hoped to meet the chiefs in whose hands he doubted not that he should find Harry Grant and rescue him and his two companions from slavery.
65,In Search of the Castaways,Thalcave,1,supported,1.0,"Evidence supports the claim that British officers marveled at the ease with which the castaway handled canoe, coast, and jungle."
66,In Search of the Castaways,Thalcave,1,supported,1.0,Evidence supports the claim that Lord Glenarvan hired Thalcave as a guide for the South-American interior.
67,In Search of the Castaways,Kai-Koumou,1,supported,1.0,Evidence from the book 'In search of the castaways' supports the claim text.
68,In Search of the Castaways,Kai-Koumou,1,supported,1.0,Evidence supports the claim that Kai-Koumou's tribe had lost a chief of high rank whom they were particularly anxious to recover.
69,In Search of the Castaways,Kai-Koumou,1,supported,1.0,Evidence from the book 'In search of the castaways' supports the claim that Glenarvan was willing to sacrifice himself for his people.
70,In Search of the Castaways,Kai-Koumou,1,supported,1.0,Evidence supports the claim by describing a situation where a woman controlled her emotions to save her husband's life.
71,In Search of the Castaways,Kai-Koumou,1,supported,0.95,"Evidence 1 and Evidence 2 both support the claim that during the north-island war, Bone-Eater led his troops into a swamp and battered them with captured European cannon."
72,In Search of the Castaways,Kai-Koumou,1,supported,1.0,Evidence supports the claim that Glenarvan trained twelve English-speaking youths as spies and sent them into Auckland.
73,In Search of the Castaways,Kai-Koumou,1,supported,1.0,Evidence confirms the claim.
74,In Search of the Castaways,Kai-Koumou,1,supported,1.0,"Evidence supports the claim that Kai-Koumou is a Maori chief who demands a ransom for Tohonga, a high priest of Nouï-Atoua."
75,In Search of the Castaways,Kai-Koumou,1,supported,1.0,Evidence supports the claim that Paganel planned to feign death in a volcanic eruption.
76,In Search of the Castaways,Kai-Koumou,1,supported,1.0,Evidence confirms the claim.
77,In Search of the Castaways,Kai-Koumou,1,supported,1.0,Evidence supports the claim that Glenarvan was rescued by British biologist Wallace.
78,In Search of the Castaways,Kai-Koumou,1,supported,1.0,Evidence from the book 'In search of the castaways' supports the claim text.
79,In Search of the Castaways,Kai-Koumou,1,supported,1.0,Evidence supports the claim that Kara-Tété's wife was not allowed to survive him and was sacrificed according to custom.
80,In Search of the Castaways,Kai-Koumou,1,supported,1.0,Evidence from the book 'In search of the castaways' supports the claim.
81,In Search of the Castaways,Kai-Koumou,1,supported,0.95,Evidence from the book 'In search of the castaways' supports the claim that Glenarvan was a chief among his people.
82,In Search of the Castaways,Kai-Koumou,1,supported,1.0,Evidence supports the claim that Glenarvan was not a chief or priest among his people.
83,In Search of the Castaways,Kai-Koumou,1,supported,1.0,"Evidence from the book 'In search of the castaways' supports the claim that Glenarvan and his companions were able to ransom Tohonga, the high-priest of Nouï-Atoua, from the Maoris in exchange for ..."
84,In Search of the Castaways,Kai-Koumou,1,supported,1.0,Evidence supports the claim that Glenarvan was not a chief or priest among his people.
85,In Search of the Castaways,Kai-Koumou,1,supported,1.0,"Evidence supports the claim that Kai-Koumou's tribe was looking for Tohonga, a high-priest of Nouï-Atoua who had been captured by English troops."
86,In Search of the Castaways,Kai-Koumou,1,supported,1.0,Evidence supports the claim that Glenarvan valued life and kept his word.
87,The Count of Monte Cristo,Noirtier,1,supported,1.0,Evidence confirms the claim.
88,The Count of Monte Cristo,Noirtier,1,supported,1.0,Evidence from three different passages in the book 'The Count of Monte Cristo' supports the claim that Citizen Noirtier was a member of a Bonapartist club in the Rue Saint-Jacques.
89,The Count of Monte Cristo,Noirtier,1,supported,1.0,Evidence confirms the claim.
90,The Count of Monte Cristo,Noirtier,1,supported,1.0,Evidence confirms the claim.
91,The Count of Monte Cristo,Noirtier,1,supported,0.5,Evidence from three different sources all support the claim.
92,The Count of Monte Cristo,Noirtier,1,supported,1.0,Evidence confirms the claim.
93,The Count of Monte Cristo,Noirtier,1,supported,1.0,Evidence confirms the claim.
94,The Count of Monte Cristo,Noirtier,1,supported,1.0,Evidence from three passages in 'The Count of Monte Cristo' supports the claim that D'Avrigny gave a sedative to political prisoners and used it as leverage over enemies even after paralysis set in.
95,The Count of Monte Cristo,Noirtier,1,supported,1.0,Evidence confirms the claim.
96,The Count of Monte Cristo,Noirtier,1,supported,1.0,Evidence from three passages in the book 'The Count of Monte Cristo' supports the claim that Noirtier was able to indicate people using a blink code.
97,The Count of Monte Cristo,Noirtier,1,supported,1.0,Evidence confirms the claim.
98,The Count of Monte Cristo,Noirtier,1,supported,1.0,Evidence confirms that Noirtier knew about the relationship between Valentine and Morrel.
99,The Count of Monte Cristo,Noirtier,1,supported,1.0,Evidence supports the claim that the character in the book is avaricious for her son.
100,The Count of Monte Cristo,Noirtier,1,supported,1.0,Evidence from three different passages in the book 'The Count of Monte Cristo' supports the claim that the person described in the text was involved with Bonapartist clubs and had knowledge of Napo...
101,The Count of Monte Cristo,Noirtier,1,supported,1.0,Evidence confirms the claim.
102,The Count of Monte Cristo,Noirtier,1,supported,1.0,Evidence confirms the claim.
103,The Count of Monte Cristo,Noirtier,1,supported,1.0,Evidence confirms that Napoleon distanced himself from former comrades and grew wary of power’s corruption.
104,The Count of Monte Cristo,Noirtier,1,supported,1.0,Evidence confirms the claim.
105,The Count of Monte Cristo,Noirtier,1,supported,1.0,Evidence confirms the claim.
106,The Count of Monte Cristo,Noirtier,1,supported,1.0,Evidence confirms the claim.
107,The Count of Monte Cristo,Noirtier,1,supported,1.0,Evidence confirms the claim that Danglars left for Madrid after Napoleon's return to France.
108,The Count of Monte Cristo,Noirtier,1,supported,1.0,Evidence confirms the claim.
109,The Count of Monte Cristo,Noirtier,1,supported,1.0,Evidence confirms that Villefort's father was a Jacobin and conspired against the Bourbons.
110,The Count of Monte Cristo,Noirtier,1,supported,1.0,Evidence confirms the claim.
111,The Count of Monte Cristo,Noirtier,1,supported,1.0,Evidence confirms the claim.
112,The Count of Monte Cristo,Noirtier,1,supported,0.95,Evidence confirms the claim through multiple passages.
113,The Count of Monte Cristo,Faria,1,supported,0.95,Evidence supports the claim that the subject has a vast knowledge of literature and languages.
114,The Count of Monte Cristo,Faria,1,supported,0.95,Evidence supports the claim that Dantès decoded ciphers in a fifteenth-century alchemist’s notebook.
115,The Count of Monte Cristo,Faria,1,supported,1.0,Evidence confirms the claim that Dantès considered suicide after Faria's death.
116,The Count of Monte Cristo,Faria,1,supported,0.95,Evidence supports the claim that Edmond Dantès was a Bonapartist who took an active part in the return from Elba.
117,The Count of Monte Cristo,Faria,1,supported,0.95,Evidence supports the claim that Monte Cristo hid his treasure in a Madeira monastery cellar.
118,The Count of Monte Cristo,Faria,1,supported,0.95,Evidence from three passages in the books 'The Count of Monte Cristo' and 'The_Count_of_Monte_Cristo_1' supports the claim that Villefort was all powerful at court and thus the Girondin of '93 and ...
119,The Count of Monte Cristo,Faria,1,supported,0.5,Evidence confirms the claim.
120,The Count of Monte Cristo,Faria,1,supported,1.0,Evidence confirms the claim.
121,The Count of Monte Cristo,Faria,1,supported,0.95,Evidence confirms the claim that Faria was the secretary and intimate friend of Cardinal Spada.
122,The Count of Monte Cristo,Faria,1,supported,0.95,Evidence supports the claim that Villefort tampered with evidence against an Italian revolutionary.
123,The Count of Monte Cristo,Faria,1,supported,0.95,Evidence from three different passages in the book 'The Count of Monte Cristo' supports the claim that Abbé Faria had a secret to reveal of great importance.
124,The Count of Monte Cristo,Faria,1,supported,0.95,Evidence confirms that Caderousse stole a mooring rope and the two friends were aware of it.
125,The Count of Monte Cristo,Faria,1,supported,1.0,Evidence confirms the claim that Dantès considered suicide after Faria's death.
126,The Count of Monte Cristo,Faria,1,supported,0.95,Evidence supports the claim that Edmond Dantès was a Bonapartist who took an active part in the return from Elba.
127,The Count of Monte Cristo,Faria,1,supported,0.95,Evidence confirms the claim that Dantès considered suicide after Faria's death.
128,The Count of Monte Cristo,Faria,1,supported,0.95,Evidence confirms the claim that the Count of Monte Cristo's formula for invisible ink came from temple-mural restoration in India.
129,The Count of Monte Cristo,Faria,1,supported,0.5,Evidence confirms the claim that Dantès considered suicide after Faria's death.
130,The Count of Monte Cristo,Faria,1,supported,1.0,Evidence confirms the claim.
131,The Count of Monte Cristo,Faria,1,supported,0.95,Evidence confirms that Dantès considered suicide after the death of his friend Faria.
132,The Count of Monte Cristo,Faria,1,supported,0.95,Evidence supports the claim that Dantès was a star student at Rome University and fluent in several languages.
133,The Count of Monte Cristo,Faria,1,supported,0.95,"Evidence supports the claim that Dantès was interested in learning mathematics, physics, history, and modern languages from the abbé."
134,The Count of Monte Cristo,Faria,1,supported,0.95,Evidence from three different passages in the book 'The Count of Monte Cristo' supports the claim that Edmond Dantès was a Bonapartist who took an active part in the return from Elba.
135,The Count of Monte Cristo,Faria,1,supported,0.9762,Evidence supports the claim that Edmond Dantès was a Bonapartist who took an active part in the return from Elba.
136,The Count of Monte Cristo,Faria,1,supported,0.95,Evidence confirms the claim that Faria was the secretary and intimate friend of Cardinal Spada.
137,The Count of Monte Cristo,Faria,1,supported,0.95,Evidence confirms the claim.
138,The Count of Monte Cristo,Faria,1,supported,0.95,Evidence confirms the claim that Dantès considered suicide after Faria's death.
139,The Count of Monte Cristo,Faria,1,supported,0.5,Evidence supports the claim that Edmond Dantès was a Bonapartist who took an active part in the return from Elba.
140,The Count of Monte Cristo,Faria,1,supported,1.0,Evidence confirms the claim.
